Lastname,Firstname
Bauer,Ashley
Becker,Jacob
Becker,Ashley
Braun,Michael
Brown,Sarah
Fischer,Matthew
Fischer,Alexis
Gagnon,Samantha
Hartmann,Joshua
Hoffmann,Christopher
Hoffmann,Jessica
Hofmann,Nicholas
Klein,Andrew
Koch,Joseph
Krause,Daniel
Krüger,Tyler
Lam,Taylor
Lange,Emily
Lee,Elizabeth
Martin,Jacob
Meier,Hannah
Meyer,Michael
Müller,Madison
Müller,Matthew
Murphy,Joshua
Neumann,Ashley
Richter,Jacob
Roy,Christopher
Schäfer,Michael
Schmidt,Matthew
Schmidt,Nicholas
Schmitt,Joshua
Schmitz,Christopher
Schneider,Nicholas
Schneider,Andrew
Schröder,Andrew
Schulz,Joseph
Schwarz,Daniel
Smith,Daniel
Tremblay,Tyler
Wagner,Tyler
Wagner,Emily
Weber,Emily
Weber,Hannah
Werner,Hannah
Wilson,Madison
Zimmermann,Madison
